"year","observations","income.bracket","age","sex","region","value"
"1999","Mean income, SEK thousands","total","16-19 years","total","Sweden",16.5
"2000","Mean income, SEK thousands","total","16-19 years","total","Sweden",18.1
"2001","Mean income, SEK thousands","total","16-19 years","total","Sweden",18.7
"2002","Mean income, SEK thousands","total","16-19 years","total","Sweden",18.9
"2003","Mean income, SEK thousands","total","16-19 years","total","Sweden",18.1
"2004","Mean income, SEK thousands","total","16-19 years","total","Sweden",16.3
"2005","Mean income, SEK thousands","total","16-19 years","total","Sweden",16
"2006","Mean income, SEK thousands","total","16-19 years","total","Sweden",17.5
"2007","Mean income, SEK thousands","total","16-19 years","total","Sweden",20.1
"2008","Mean income, SEK thousands","total","16-19 years","total","Sweden",20.4
"2009","Mean income, SEK thousands","total","16-19 years","total","Sweden",16.3
"2010","Mean income, SEK thousands","total","16-19 years","total","Sweden",18.2
"2011","Mean income, SEK thousands","total","16-19 years","total","Sweden",20.2
"2012","Mean income, SEK thousands","total","16-19 years","total","Sweden",20
"2013","Mean income, SEK thousands","total","16-19 years","total","Sweden",20.5
"2014","Mean income, SEK thousands","total","16-19 years","total","Sweden",21.3
"2015","Mean income, SEK thousands","total","16-19 years","total","Sweden",23.6
"2016","Mean income, SEK thousands","total","16-19 years","total","Sweden",25.6
"2017","Mean income, SEK thousands","total","16-19 years","total","Sweden",27.3
"2018","Mean income, SEK thousands","total","16-19 years","total","Sweden",28
"2019","Mean income, SEK thousands","total","16-19 years","total","Sweden",27.8
"2020","Mean income, SEK thousands","total","16-19 years","total","Sweden",23.9
"2021","Mean income, SEK thousands","total","16-19 years","total","Sweden",28.1
"2022","Mean income, SEK thousands","total","16-19 years","total","Sweden",33.4
"2023","Mean income, SEK thousands","total","16-19 years","total","Sweden",33.4
"1999","Median income, SEK thousands","total","16-19 years","total","Sweden",6.7
"2000","Median income, SEK thousands","total","16-19 years","total","Sweden",7.5
"2001","Median income, SEK thousands","total","16-19 years","total","Sweden",7.7
"2002","Median income, SEK thousands","total","16-19 years","total","Sweden",7.4
"2003","Median income, SEK thousands","total","16-19 years","total","Sweden",6.3
"2004","Median income, SEK thousands","total","16-19 years","total","Sweden",4.9
"2005","Median income, SEK thousands","total","16-19 years","total","Sweden",4.5
"2006","Median income, SEK thousands","total","16-19 years","total","Sweden",5.3
"2007","Median income, SEK thousands","total","16-19 years","total","Sweden",6.1
"2008","Median income, SEK thousands","total","16-19 years","total","Sweden",6.3
"2009","Median income, SEK thousands","total","16-19 years","total","Sweden",3.8
"2010","Median income, SEK thousands","total","16-19 years","total","Sweden",4.9
"2011","Median income, SEK thousands","total","16-19 years","total","Sweden",5.6
"2012","Median income, SEK thousands","total","16-19 years","total","Sweden",5.7
"2013","Median income, SEK thousands","total","16-19 years","total","Sweden",5.7
"2014","Median income, SEK thousands","total","16-19 years","total","Sweden",6.1
"2015","Median income, SEK thousands","total","16-19 years","total","Sweden",6.8
"2016","Median income, SEK thousands","total","16-19 years","total","Sweden",7.5
"2017","Median income, SEK thousands","total","16-19 years","total","Sweden",8.1
"2018","Median income, SEK thousands","total","16-19 years","total","Sweden",8.6
"2019","Median income, SEK thousands","total","16-19 years","total","Sweden",8.1
"2020","Median income, SEK thousands","total","16-19 years","total","Sweden",5.5
"2021","Median income, SEK thousands","total","16-19 years","total","Sweden",7.4
"2022","Median income, SEK thousands","total","16-19 years","total","Sweden",10.4
"2023","Median income, SEK thousands","total","16-19 years","total","Sweden",10
"1999","Mean income, SEK thousands","total","20-24 years","total","Sweden",92
"2000","Mean income, SEK thousands","total","20-24 years","total","Sweden",98.1
"2001","Mean income, SEK thousands","total","20-24 years","total","Sweden",103.3
"2002","Mean income, SEK thousands","total","20-24 years","total","Sweden",104.3
"2003","Mean income, SEK thousands","total","20-24 years","total","Sweden",104.9
"2004","Mean income, SEK thousands","total","20-24 years","total","Sweden",103.7
"2005","Mean income, SEK thousands","total","20-24 years","total","Sweden",104.9
"2006","Mean income, SEK thousands","total","20-24 years","total","Sweden",112
"2007","Mean income, SEK thousands","total","20-24 years","total","Sweden",120.5
"2008","Mean income, SEK thousands","total","20-24 years","total","Sweden",125
"2009","Mean income, SEK thousands","total","20-24 years","total","Sweden",114.4
"2010","Mean income, SEK thousands","total","20-24 years","total","Sweden",114.1
"2011","Mean income, SEK thousands","total","20-24 years","total","Sweden",123.7
"2012","Mean income, SEK thousands","total","20-24 years","total","Sweden",128.8
"2013","Mean income, SEK thousands","total","20-24 years","total","Sweden",130.5
"2014","Mean income, SEK thousands","total","20-24 years","total","Sweden",135.6
"2015","Mean income, SEK thousands","total","20-24 years","total","Sweden",145.3
"2016","Mean income, SEK thousands","total","20-24 years","total","Sweden",154.3
"2017","Mean income, SEK thousands","total","20-24 years","total","Sweden",160.4
"2018","Mean income, SEK thousands","total","20-24 years","total","Sweden",166.3
"2019","Mean income, SEK thousands","total","20-24 years","total","Sweden",166
"2020","Mean income, SEK thousands","total","20-24 years","total","Sweden",158.5
"2021","Mean income, SEK thousands","total","20-24 years","total","Sweden",168.9
"2022","Mean income, SEK thousands","total","20-24 years","total","Sweden",185.3
"2023","Mean income, SEK thousands","total","20-24 years","total","Sweden",191.4
"1999","Median income, SEK thousands","total","20-24 years","total","Sweden",74.9
"2000","Median income, SEK thousands","total","20-24 years","total","Sweden",82.2
"2001","Median income, SEK thousands","total","20-24 years","total","Sweden",88.5
"2002","Median income, SEK thousands","total","20-24 years","total","Sweden",87.9
"2003","Median income, SEK thousands","total","20-24 years","total","Sweden",90.2
"2004","Median income, SEK thousands","total","20-24 years","total","Sweden",86.2
"2005","Median income, SEK thousands","total","20-24 years","total","Sweden",86
"2006","Median income, SEK thousands","total","20-24 years","total","Sweden",94
"2007","Median income, SEK thousands","total","20-24 years","total","Sweden",101.4
"2008","Median income, SEK thousands","total","20-24 years","total","Sweden",103.9
"2009","Median income, SEK thousands","total","20-24 years","total","Sweden",90.5
"2010","Median income, SEK thousands","total","20-24 years","total","Sweden",89
"2011","Median income, SEK thousands","total","20-24 years","total","Sweden",96.4
"2012","Median income, SEK thousands","total","20-24 years","total","Sweden",101
"2013","Median income, SEK thousands","total","20-24 years","total","Sweden",102.7
"2014","Median income, SEK thousands","total","20-24 years","total","Sweden",109.2
"2015","Median income, SEK thousands","total","20-24 years","total","Sweden",121.8
"2016","Median income, SEK thousands","total","20-24 years","total","Sweden",133.7
"2017","Median income, SEK thousands","total","20-24 years","total","Sweden",140.1
"2018","Median income, SEK thousands","total","20-24 years","total","Sweden",145.5
"2019","Median income, SEK thousands","total","20-24 years","total","Sweden",142
"2020","Median income, SEK thousands","total","20-24 years","total","Sweden",128.8
"2021","Median income, SEK thousands","total","20-24 years","total","Sweden",141.9
"2022","Median income, SEK thousands","total","20-24 years","total","Sweden",163
"2023","Median income, SEK thousands","total","20-24 years","total","Sweden",166.2
"1999","Mean income, SEK thousands","total","25-29 years","total","Sweden",159.1
"2000","Mean income, SEK thousands","total","25-29 years","total","Sweden",167.8
"2001","Mean income, SEK thousands","total","25-29 years","total","Sweden",175.4
"2002","Mean income, SEK thousands","total","25-29 years","total","Sweden",177.2
"2003","Mean income, SEK thousands","total","25-29 years","total","Sweden",176.6
"2004","Mean income, SEK thousands","total","25-29 years","total","Sweden",176.2
"2005","Mean income, SEK thousands","total","25-29 years","total","Sweden",177.4
"2006","Mean income, SEK thousands","total","25-29 years","total","Sweden",184
"2007","Mean income, SEK thousands","total","25-29 years","total","Sweden",192.2
"2008","Mean income, SEK thousands","total","25-29 years","total","Sweden",199.3
"2009","Mean income, SEK thousands","total","25-29 years","total","Sweden",194.2
"2010","Mean income, SEK thousands","total","25-29 years","total","Sweden",195.4
"2011","Mean income, SEK thousands","total","25-29 years","total","Sweden",201.7
"2012","Mean income, SEK thousands","total","25-29 years","total","Sweden",208.3
"2013","Mean income, SEK thousands","total","25-29 years","total","Sweden",212
"2014","Mean income, SEK thousands","total","25-29 years","total","Sweden",217.6
"2015","Mean income, SEK thousands","total","25-29 years","total","Sweden",227.3
"2016","Mean income, SEK thousands","total","25-29 years","total","Sweden",237.3
"2017","Mean income, SEK thousands","total","25-29 years","total","Sweden",245.5
"2018","Mean income, SEK thousands","total","25-29 years","total","Sweden",255.1
"2019","Mean income, SEK thousands","total","25-29 years","total","Sweden",262.5
"2020","Mean income, SEK thousands","total","25-29 years","total","Sweden",263.4
"2021","Mean income, SEK thousands","total","25-29 years","total","Sweden",276.3
"2022","Mean income, SEK thousands","total","25-29 years","total","Sweden",293.1
"2023","Mean income, SEK thousands","total","25-29 years","total","Sweden",304.9
"1999","Median income, SEK thousands","total","25-29 years","total","Sweden",165.4
"2000","Median income, SEK thousands","total","25-29 years","total","Sweden",173.6
"2001","Median income, SEK thousands","total","25-29 years","total","Sweden",181.1
"2002","Median income, SEK thousands","total","25-29 years","total","Sweden",184.7
"2003","Median income, SEK thousands","total","25-29 years","total","Sweden",185.7
"2004","Median income, SEK thousands","total","25-29 years","total","Sweden",185.3
"2005","Median income, SEK thousands","total","25-29 years","total","Sweden",186
"2006","Median income, SEK thousands","total","25-29 years","total","Sweden",192.7
"2007","Median income, SEK thousands","total","25-29 years","total","Sweden",201.5
"2008","Median income, SEK thousands","total","25-29 years","total","Sweden",210.4
"2009","Median income, SEK thousands","total","25-29 years","total","Sweden",204
"2010","Median income, SEK thousands","total","25-29 years","total","Sweden",202.7
"2011","Median income, SEK thousands","total","25-29 years","total","Sweden",210.6
"2012","Median income, SEK thousands","total","25-29 years","total","Sweden",217.7
"2013","Median income, SEK thousands","total","25-29 years","total","Sweden",221.1
"2014","Median income, SEK thousands","total","25-29 years","total","Sweden",226.9
"2015","Median income, SEK thousands","total","25-29 years","total","Sweden",237.7
"2016","Median income, SEK thousands","total","25-29 years","total","Sweden",249.5
"2017","Median income, SEK thousands","total","25-29 years","total","Sweden",259.1
"2018","Median income, SEK thousands","total","25-29 years","total","Sweden",269.4
"2019","Median income, SEK thousands","total","25-29 years","total","Sweden",278.2
"2020","Median income, SEK thousands","total","25-29 years","total","Sweden",280.8
"2021","Median income, SEK thousands","total","25-29 years","total","Sweden",291.1
"2022","Median income, SEK thousands","total","25-29 years","total","Sweden",308.4
"2023","Median income, SEK thousands","total","25-29 years","total","Sweden",321.8
"1999","Mean income, SEK thousands","total","30-34 years","total","Sweden",190.8
"2000","Mean income, SEK thousands","total","30-34 years","total","Sweden",202
"2001","Mean income, SEK thousands","total","30-34 years","total","Sweden",212.1
"2002","Mean income, SEK thousands","total","30-34 years","total","Sweden",217
"2003","Mean income, SEK thousands","total","30-34 years","total","Sweden",219.4
"2004","Mean income, SEK thousands","total","30-34 years","total","Sweden",223.7
"2005","Mean income, SEK thousands","total","30-34 years","total","Sweden",228.6
"2006","Mean income, SEK thousands","total","30-34 years","total","Sweden",236.2
"2007","Mean income, SEK thousands","total","30-34 years","total","Sweden",245.5
"2008","Mean income, SEK thousands","total","30-34 years","total","Sweden",253.6
"2009","Mean income, SEK thousands","total","30-34 years","total","Sweden",251
"2010","Mean income, SEK thousands","total","30-34 years","total","Sweden",253.8
"2011","Mean income, SEK thousands","total","30-34 years","total","Sweden",261.3
"2012","Mean income, SEK thousands","total","30-34 years","total","Sweden",267.7
"2013","Mean income, SEK thousands","total","30-34 years","total","Sweden",270.9
"2014","Mean income, SEK thousands","total","30-34 years","total","Sweden",275.8
"2015","Mean income, SEK thousands","total","30-34 years","total","Sweden",283.5
"2016","Mean income, SEK thousands","total","30-34 years","total","Sweden",291.8
"2017","Mean income, SEK thousands","total","30-34 years","total","Sweden",298.5
"2018","Mean income, SEK thousands","total","30-34 years","total","Sweden",308.3
"2019","Mean income, SEK thousands","total","30-34 years","total","Sweden",316.9
"2020","Mean income, SEK thousands","total","30-34 years","total","Sweden",321.9
"2021","Mean income, SEK thousands","total","30-34 years","total","Sweden",336.7
"2022","Mean income, SEK thousands","total","30-34 years","total","Sweden",355.8
"2023","Mean income, SEK thousands","total","30-34 years","total","Sweden",373.8
"1999","Median income, SEK thousands","total","30-34 years","total","Sweden",184.7
"2000","Median income, SEK thousands","total","30-34 years","total","Sweden",193.8
"2001","Median income, SEK thousands","total","30-34 years","total","Sweden",203.4
"2002","Median income, SEK thousands","total","30-34 years","total","Sweden",210.4
"2003","Median income, SEK thousands","total","30-34 years","total","Sweden",214.8
"2004","Median income, SEK thousands","total","30-34 years","total","Sweden",219.4
"2005","Median income, SEK thousands","total","30-34 years","total","Sweden",223.8
"2006","Median income, SEK thousands","total","30-34 years","total","Sweden",231.3
"2007","Median income, SEK thousands","total","30-34 years","total","Sweden",241.2
"2008","Median income, SEK thousands","total","30-34 years","total","Sweden",251.5
"2009","Median income, SEK thousands","total","30-34 years","total","Sweden",253.1
"2010","Median income, SEK thousands","total","30-34 years","total","Sweden",256.8
"2011","Median income, SEK thousands","total","30-34 years","total","Sweden",264.6
"2012","Median income, SEK thousands","total","30-34 years","total","Sweden",271.9
"2013","Median income, SEK thousands","total","30-34 years","total","Sweden",276.3
"2014","Median income, SEK thousands","total","30-34 years","total","Sweden",281.1
"2015","Median income, SEK thousands","total","30-34 years","total","Sweden",289.3
"2016","Median income, SEK thousands","total","30-34 years","total","Sweden",298.6
"2017","Median income, SEK thousands","total","30-34 years","total","Sweden",306.1
"2018","Median income, SEK thousands","total","30-34 years","total","Sweden",315.5
"2019","Median income, SEK thousands","total","30-34 years","total","Sweden",324.4
"2020","Median income, SEK thousands","total","30-34 years","total","Sweden",329.4
"2021","Median income, SEK thousands","total","30-34 years","total","Sweden",341.5
"2022","Median income, SEK thousands","total","30-34 years","total","Sweden",358.5
"2023","Median income, SEK thousands","total","30-34 years","total","Sweden",375.6
"1999","Mean income, SEK thousands","total","35-39 years","total","Sweden",203.3
"2000","Mean income, SEK thousands","total","35-39 years","total","Sweden",216.7
"2001","Mean income, SEK thousands","total","35-39 years","total","Sweden",228.3
"2002","Mean income, SEK thousands","total","35-39 years","total","Sweden",235.9
"2003","Mean income, SEK thousands","total","35-39 years","total","Sweden",240.1
"2004","Mean income, SEK thousands","total","35-39 years","total","Sweden",246.7
"2005","Mean income, SEK thousands","total","35-39 years","total","Sweden",254
"2006","Mean income, SEK thousands","total","35-39 years","total","Sweden",263.7
"2007","Mean income, SEK thousands","total","35-39 years","total","Sweden",274.9
"2008","Mean income, SEK thousands","total","35-39 years","total","Sweden",286.4
"2009","Mean income, SEK thousands","total","35-39 years","total","Sweden",288.1
"2010","Mean income, SEK thousands","total","35-39 years","total","Sweden",294.5
"2011","Mean income, SEK thousands","total","35-39 years","total","Sweden",304.5
"2012","Mean income, SEK thousands","total","35-39 years","total","Sweden",313
"2013","Mean income, SEK thousands","total","35-39 years","total","Sweden",317.5
"2014","Mean income, SEK thousands","total","35-39 years","total","Sweden",323
"2015","Mean income, SEK thousands","total","35-39 years","total","Sweden",330.4
"2016","Mean income, SEK thousands","total","35-39 years","total","Sweden",339.5
"2017","Mean income, SEK thousands","total","35-39 years","total","Sweden",345.7
"2018","Mean income, SEK thousands","total","35-39 years","total","Sweden",354.9
"2019","Mean income, SEK thousands","total","35-39 years","total","Sweden",362.1
"2020","Mean income, SEK thousands","total","35-39 years","total","Sweden",366.5
"2021","Mean income, SEK thousands","total","35-39 years","total","Sweden",380.4
"2022","Mean income, SEK thousands","total","35-39 years","total","Sweden",398.1
"2023","Mean income, SEK thousands","total","35-39 years","total","Sweden",416.1
"1999","Median income, SEK thousands","total","35-39 years","total","Sweden",189.3
"2000","Median income, SEK thousands","total","35-39 years","total","Sweden",198.9
"2001","Median income, SEK thousands","total","35-39 years","total","Sweden",209.5
"2002","Median income, SEK thousands","total","35-39 years","total","Sweden",218.8
"2003","Median income, SEK thousands","total","35-39 years","total","Sweden",224.9
"2004","Median income, SEK thousands","total","35-39 years","total","Sweden",231.3
"2005","Median income, SEK thousands","total","35-39 years","total","Sweden",237.4
"2006","Median income, SEK thousands","total","35-39 years","total","Sweden",246.5
"2007","Median income, SEK thousands","total","35-39 years","total","Sweden",257.2
"2008","Median income, SEK thousands","total","35-39 years","total","Sweden",269.1
"2009","Median income, SEK thousands","total","35-39 years","total","Sweden",274.1
"2010","Median income, SEK thousands","total","35-39 years","total","Sweden",280.9
"2011","Median income, SEK thousands","total","35-39 years","total","Sweden",290
"2012","Median income, SEK thousands","total","35-39 years","total","Sweden",299.3
"2013","Median income, SEK thousands","total","35-39 years","total","Sweden",305.5
"2014","Median income, SEK thousands","total","35-39 years","total","Sweden",311.9
"2015","Median income, SEK thousands","total","35-39 years","total","Sweden",320.2
"2016","Median income, SEK thousands","total","35-39 years","total","Sweden",329.9
"2017","Median income, SEK thousands","total","35-39 years","total","Sweden",337.6
"2018","Median income, SEK thousands","total","35-39 years","total","Sweden",346.6
"2019","Median income, SEK thousands","total","35-39 years","total","Sweden",353.3
"2020","Median income, SEK thousands","total","35-39 years","total","Sweden",357.2
"2021","Median income, SEK thousands","total","35-39 years","total","Sweden",369.4
"2022","Median income, SEK thousands","total","35-39 years","total","Sweden",384.6
"2023","Median income, SEK thousands","total","35-39 years","total","Sweden",401.8
"1999","Mean income, SEK thousands","total","40-44 years","total","Sweden",214.9
"2000","Mean income, SEK thousands","total","40-44 years","total","Sweden",226.2
"2001","Mean income, SEK thousands","total","40-44 years","total","Sweden",237.5
"2002","Mean income, SEK thousands","total","40-44 years","total","Sweden",246.1
"2003","Mean income, SEK thousands","total","40-44 years","total","Sweden",251.5
"2004","Mean income, SEK thousands","total","40-44 years","total","Sweden",259.4
"2005","Mean income, SEK thousands","total","40-44 years","total","Sweden",269.3
"2006","Mean income, SEK thousands","total","40-44 years","total","Sweden",280.2
"2007","Mean income, SEK thousands","total","40-44 years","total","Sweden",294.2
"2008","Mean income, SEK thousands","total","40-44 years","total","Sweden",306.9
"2009","Mean income, SEK thousands","total","40-44 years","total","Sweden",310.4
"2010","Mean income, SEK thousands","total","40-44 years","total","Sweden",318.6
"2011","Mean income, SEK thousands","total","40-44 years","total","Sweden",330.9
"2012","Mean income, SEK thousands","total","40-44 years","total","Sweden",341.7
"2013","Mean income, SEK thousands","total","40-44 years","total","Sweden",350.6
"2014","Mean income, SEK thousands","total","40-44 years","total","Sweden",360.8
"2015","Mean income, SEK thousands","total","40-44 years","total","Sweden",372.6
"2016","Mean income, SEK thousands","total","40-44 years","total","Sweden",383.6
"2017","Mean income, SEK thousands","total","40-44 years","total","Sweden",391.1
"2018","Mean income, SEK thousands","total","40-44 years","total","Sweden",401.5
"2019","Mean income, SEK thousands","total","40-44 years","total","Sweden",407.7
"2020","Mean income, SEK thousands","total","40-44 years","total","Sweden",413
"2021","Mean income, SEK thousands","total","40-44 years","total","Sweden",430
"2022","Mean income, SEK thousands","total","40-44 years","total","Sweden",446.8
"2023","Mean income, SEK thousands","total","40-44 years","total","Sweden",464.2
"1999","Median income, SEK thousands","total","40-44 years","total","Sweden",197.1
"2000","Median income, SEK thousands","total","40-44 years","total","Sweden",204.7
"2001","Median income, SEK thousands","total","40-44 years","total","Sweden",214.3
"2002","Median income, SEK thousands","total","40-44 years","total","Sweden",223
"2003","Median income, SEK thousands","total","40-44 years","total","Sweden",229.4
"2004","Median income, SEK thousands","total","40-44 years","total","Sweden",236.6
"2005","Median income, SEK thousands","total","40-44 years","total","Sweden",243.8
"2006","Median income, SEK thousands","total","40-44 years","total","Sweden",254
"2007","Median income, SEK thousands","total","40-44 years","total","Sweden",266.8
"2008","Median income, SEK thousands","total","40-44 years","total","Sweden",280.1
"2009","Median income, SEK thousands","total","40-44 years","total","Sweden",287
"2010","Median income, SEK thousands","total","40-44 years","total","Sweden",295.3
"2011","Median income, SEK thousands","total","40-44 years","total","Sweden",305.5
"2012","Median income, SEK thousands","total","40-44 years","total","Sweden",316
"2013","Median income, SEK thousands","total","40-44 years","total","Sweden",324.7
"2014","Median income, SEK thousands","total","40-44 years","total","Sweden",333.7
"2015","Median income, SEK thousands","total","40-44 years","total","Sweden",344.6
"2016","Median income, SEK thousands","total","40-44 years","total","Sweden",356
"2017","Median income, SEK thousands","total","40-44 years","total","Sweden",365.5
"2018","Median income, SEK thousands","total","40-44 years","total","Sweden",374.4
"2019","Median income, SEK thousands","total","40-44 years","total","Sweden",382.6
"2020","Median income, SEK thousands","total","40-44 years","total","Sweden",387.1
"2021","Median income, SEK thousands","total","40-44 years","total","Sweden",400.6
"2022","Median income, SEK thousands","total","40-44 years","total","Sweden",415
"2023","Median income, SEK thousands","total","40-44 years","total","Sweden",430.1
"1999","Mean income, SEK thousands","total","45-49 years","total","Sweden",222.5
"2000","Mean income, SEK thousands","total","45-49 years","total","Sweden",232.7
"2001","Mean income, SEK thousands","total","45-49 years","total","Sweden",243.5
"2002","Mean income, SEK thousands","total","45-49 years","total","Sweden",252.4
"2003","Mean income, SEK thousands","total","45-49 years","total","Sweden",258.5
"2004","Mean income, SEK thousands","total","45-49 years","total","Sweden",266.1
"2005","Mean income, SEK thousands","total","45-49 years","total","Sweden",274.8
"2006","Mean income, SEK thousands","total","45-49 years","total","Sweden",284.7
"2007","Mean income, SEK thousands","total","45-49 years","total","Sweden",297.3
"2008","Mean income, SEK thousands","total","45-49 years","total","Sweden",309.8
"2009","Mean income, SEK thousands","total","45-49 years","total","Sweden",314.9
"2010","Mean income, SEK thousands","total","45-49 years","total","Sweden",324.8
"2011","Mean income, SEK thousands","total","45-49 years","total","Sweden",337.8
"2012","Mean income, SEK thousands","total","45-49 years","total","Sweden",351.4
"2013","Mean income, SEK thousands","total","45-49 years","total","Sweden",360.6
"2014","Mean income, SEK thousands","total","45-49 years","total","Sweden",372
"2015","Mean income, SEK thousands","total","45-49 years","total","Sweden",384.4
"2016","Mean income, SEK thousands","total","45-49 years","total","Sweden",397.6
"2017","Mean income, SEK thousands","total","45-49 years","total","Sweden",409.7
"2018","Mean income, SEK thousands","total","45-49 years","total","Sweden",424.5
"2019","Mean income, SEK thousands","total","45-49 years","total","Sweden",435.8
"2020","Mean income, SEK thousands","total","45-49 years","total","Sweden",444.7
"2021","Mean income, SEK thousands","total","45-49 years","total","Sweden",465.1
"2022","Mean income, SEK thousands","total","45-49 years","total","Sweden",481.8
"2023","Mean income, SEK thousands","total","45-49 years","total","Sweden",498.5
"1999","Median income, SEK thousands","total","45-49 years","total","Sweden",204
"2000","Median income, SEK thousands","total","45-49 years","total","Sweden",211
"2001","Median income, SEK thousands","total","45-49 years","total","Sweden",219.9
"2002","Median income, SEK thousands","total","45-49 years","total","Sweden",228.5
"2003","Median income, SEK thousands","total","45-49 years","total","Sweden",234.6
"2004","Median income, SEK thousands","total","45-49 years","total","Sweden",241
"2005","Median income, SEK thousands","total","45-49 years","total","Sweden",247
"2006","Median income, SEK thousands","total","45-49 years","total","Sweden",255.8
"2007","Median income, SEK thousands","total","45-49 years","total","Sweden",266.5
"2008","Median income, SEK thousands","total","45-49 years","total","Sweden",279.3
"2009","Median income, SEK thousands","total","45-49 years","total","Sweden",287.1
"2010","Median income, SEK thousands","total","45-49 years","total","Sweden",296.3
"2011","Median income, SEK thousands","total","45-49 years","total","Sweden",307.3
"2012","Median income, SEK thousands","total","45-49 years","total","Sweden",319.5
"2013","Median income, SEK thousands","total","45-49 years","total","Sweden",328.8
"2014","Median income, SEK thousands","total","45-49 years","total","Sweden",338.7
"2015","Median income, SEK thousands","total","45-49 years","total","Sweden",350.3
"2016","Median income, SEK thousands","total","45-49 years","total","Sweden",363.4
"2017","Median income, SEK thousands","total","45-49 years","total","Sweden",374.9
"2018","Median income, SEK thousands","total","45-49 years","total","Sweden",387.5
"2019","Median income, SEK thousands","total","45-49 years","total","Sweden",398.5
"2020","Median income, SEK thousands","total","45-49 years","total","Sweden",405.2
"2021","Median income, SEK thousands","total","45-49 years","total","Sweden",420.4
"2022","Median income, SEK thousands","total","45-49 years","total","Sweden",434.8
"2023","Median income, SEK thousands","total","45-49 years","total","Sweden",448.9
"1999","Mean income, SEK thousands","total","50-54 years","total","Sweden",226.7
"2000","Mean income, SEK thousands","total","50-54 years","total","Sweden",235.9
"2001","Mean income, SEK thousands","total","50-54 years","total","Sweden",245.2
"2002","Mean income, SEK thousands","total","50-54 years","total","Sweden",254
"2003","Mean income, SEK thousands","total","50-54 years","total","Sweden",260.5
"2004","Mean income, SEK thousands","total","50-54 years","total","Sweden",267.3
"2005","Mean income, SEK thousands","total","50-54 years","total","Sweden",275.7
"2006","Mean income, SEK thousands","total","50-54 years","total","Sweden",284.1
"2007","Mean income, SEK thousands","total","50-54 years","total","Sweden",295.2
"2008","Mean income, SEK thousands","total","50-54 years","total","Sweden",306.2
"2009","Mean income, SEK thousands","total","50-54 years","total","Sweden",311.5
"2010","Mean income, SEK thousands","total","50-54 years","total","Sweden",318.7
"2011","Mean income, SEK thousands","total","50-54 years","total","Sweden",329.9
"2012","Mean income, SEK thousands","total","50-54 years","total","Sweden",341.6
"2013","Mean income, SEK thousands","total","50-54 years","total","Sweden",350.7
"2014","Mean income, SEK thousands","total","50-54 years","total","Sweden",362.5
"2015","Mean income, SEK thousands","total","50-54 years","total","Sweden",376.9
"2016","Mean income, SEK thousands","total","50-54 years","total","Sweden",390.3
"2017","Mean income, SEK thousands","total","50-54 years","total","Sweden",403.6
"2018","Mean income, SEK thousands","total","50-54 years","total","Sweden",417.6
"2019","Mean income, SEK thousands","total","50-54 years","total","Sweden",430.5
"2020","Mean income, SEK thousands","total","50-54 years","total","Sweden",439.5
"2021","Mean income, SEK thousands","total","50-54 years","total","Sweden",462.1
"2022","Mean income, SEK thousands","total","50-54 years","total","Sweden",483.5
"2023","Mean income, SEK thousands","total","50-54 years","total","Sweden",505.3
"1999","Median income, SEK thousands","total","50-54 years","total","Sweden",206.4
"2000","Median income, SEK thousands","total","50-54 years","total","Sweden",213.6
"2001","Median income, SEK thousands","total","50-54 years","total","Sweden",221.9
"2002","Median income, SEK thousands","total","50-54 years","total","Sweden",230.1
"2003","Median income, SEK thousands","total","50-54 years","total","Sweden",236.4
"2004","Median income, SEK thousands","total","50-54 years","total","Sweden",242.3
"2005","Median income, SEK thousands","total","50-54 years","total","Sweden",248.1
"2006","Median income, SEK thousands","total","50-54 years","total","Sweden",256.2
"2007","Median income, SEK thousands","total","50-54 years","total","Sweden",266.6
"2008","Median income, SEK thousands","total","50-54 years","total","Sweden",278.2
"2009","Median income, SEK thousands","total","50-54 years","total","Sweden",285.2
"2010","Median income, SEK thousands","total","50-54 years","total","Sweden",292.4
"2011","Median income, SEK thousands","total","50-54 years","total","Sweden",301.3
"2012","Median income, SEK thousands","total","50-54 years","total","Sweden",311.4
"2013","Median income, SEK thousands","total","50-54 years","total","Sweden",320.3
"2014","Median income, SEK thousands","total","50-54 years","total","Sweden",330.1
"2015","Median income, SEK thousands","total","50-54 years","total","Sweden",342.3
"2016","Median income, SEK thousands","total","50-54 years","total","Sweden",355.4
"2017","Median income, SEK thousands","total","50-54 years","total","Sweden",367.5
"2018","Median income, SEK thousands","total","50-54 years","total","Sweden",380.1
"2019","Median income, SEK thousands","total","50-54 years","total","Sweden",391.4
"2020","Median income, SEK thousands","total","50-54 years","total","Sweden",398.9
"2021","Median income, SEK thousands","total","50-54 years","total","Sweden",416.5
"2022","Median income, SEK thousands","total","50-54 years","total","Sweden",433
"2023","Median income, SEK thousands","total","50-54 years","total","Sweden",449.6
"1999","Mean income, SEK thousands","total","55-59 years","total","Sweden",220.4
"2000","Mean income, SEK thousands","total","55-59 years","total","Sweden",231.1
"2001","Mean income, SEK thousands","total","55-59 years","total","Sweden",241.1
"2002","Mean income, SEK thousands","total","55-59 years","total","Sweden",249.9
"2003","Mean income, SEK thousands","total","55-59 years","total","Sweden",257.5
"2004","Mean income, SEK thousands","total","55-59 years","total","Sweden",264.8
"2005","Mean income, SEK thousands","total","55-59 years","total","Sweden",272.7
"2006","Mean income, SEK thousands","total","55-59 years","total","Sweden",279.4
"2007","Mean income, SEK thousands","total","55-59 years","total","Sweden",289.5
"2008","Mean income, SEK thousands","total","55-59 years","total","Sweden",299.3
"2009","Mean income, SEK thousands","total","55-59 years","total","Sweden",304.5
"2010","Mean income, SEK thousands","total","55-59 years","total","Sweden",311.1
"2011","Mean income, SEK thousands","total","55-59 years","total","Sweden",320.7
"2012","Mean income, SEK thousands","total","55-59 years","total","Sweden",331.2
"2013","Mean income, SEK thousands","total","55-59 years","total","Sweden",339.3
"2014","Mean income, SEK thousands","total","55-59 years","total","Sweden",348.7
"2015","Mean income, SEK thousands","total","55-59 years","total","Sweden",359.4
"2016","Mean income, SEK thousands","total","55-59 years","total","Sweden",370.6
"2017","Mean income, SEK thousands","total","55-59 years","total","Sweden",381.2
"2018","Mean income, SEK thousands","total","55-59 years","total","Sweden",394.2
"2019","Mean income, SEK thousands","total","55-59 years","total","Sweden",406.7
"2020","Mean income, SEK thousands","total","55-59 years","total","Sweden",417.7
"2021","Mean income, SEK thousands","total","55-59 years","total","Sweden",438.3
"2022","Mean income, SEK thousands","total","55-59 years","total","Sweden",461.5
"2023","Mean income, SEK thousands","total","55-59 years","total","Sweden",480.6
"1999","Median income, SEK thousands","total","55-59 years","total","Sweden",200.8
"2000","Median income, SEK thousands","total","55-59 years","total","Sweden",209
"2001","Median income, SEK thousands","total","55-59 years","total","Sweden",217.5
"2002","Median income, SEK thousands","total","55-59 years","total","Sweden",225.9
"2003","Median income, SEK thousands","total","55-59 years","total","Sweden",233.5
"2004","Median income, SEK thousands","total","55-59 years","total","Sweden",239.9
"2005","Median income, SEK thousands","total","55-59 years","total","Sweden",245.3
"2006","Median income, SEK thousands","total","55-59 years","total","Sweden",252.9
"2007","Median income, SEK thousands","total","55-59 years","total","Sweden",262.6
"2008","Median income, SEK thousands","total","55-59 years","total","Sweden",273.6
"2009","Median income, SEK thousands","total","55-59 years","total","Sweden",280.8
"2010","Median income, SEK thousands","total","55-59 years","total","Sweden",287.8
"2011","Median income, SEK thousands","total","55-59 years","total","Sweden",296.1
"2012","Median income, SEK thousands","total","55-59 years","total","Sweden",305.5
"2013","Median income, SEK thousands","total","55-59 years","total","Sweden",313.3
"2014","Median income, SEK thousands","total","55-59 years","total","Sweden",321.8
"2015","Median income, SEK thousands","total","55-59 years","total","Sweden",331.6
"2016","Median income, SEK thousands","total","55-59 years","total","Sweden",341.8
"2017","Median income, SEK thousands","total","55-59 years","total","Sweden",351.7
"2018","Median income, SEK thousands","total","55-59 years","total","Sweden",362.4
"2019","Median income, SEK thousands","total","55-59 years","total","Sweden",373.3
"2020","Median income, SEK thousands","total","55-59 years","total","Sweden",381.6
"2021","Median income, SEK thousands","total","55-59 years","total","Sweden",398.4
"2022","Median income, SEK thousands","total","55-59 years","total","Sweden",414.7
"2023","Median income, SEK thousands","total","55-59 years","total","Sweden",430.5
"1999","Mean income, SEK thousands","total","60-64 years","total","Sweden",194.3
"2000","Mean income, SEK thousands","total","60-64 years","total","Sweden",202.2
"2001","Mean income, SEK thousands","total","60-64 years","total","Sweden",212.2
"2002","Mean income, SEK thousands","total","60-64 years","total","Sweden",224.5
"2003","Mean income, SEK thousands","total","60-64 years","total","Sweden",237.7
"2004","Mean income, SEK thousands","total","60-64 years","total","Sweden",248.8
"2005","Mean income, SEK thousands","total","60-64 years","total","Sweden",259
"2006","Mean income, SEK thousands","total","60-64 years","total","Sweden",266
"2007","Mean income, SEK thousands","total","60-64 years","total","Sweden",275.4
"2008","Mean income, SEK thousands","total","60-64 years","total","Sweden",285
"2009","Mean income, SEK thousands","total","60-64 years","total","Sweden",291.6
"2010","Mean income, SEK thousands","total","60-64 years","total","Sweden",296.9
"2011","Mean income, SEK thousands","total","60-64 years","total","Sweden",304.6
"2012","Mean income, SEK thousands","total","60-64 years","total","Sweden",313.9
"2013","Mean income, SEK thousands","total","60-64 years","total","Sweden",322.4
"2014","Mean income, SEK thousands","total","60-64 years","total","Sweden",330.9
"2015","Mean income, SEK thousands","total","60-64 years","total","Sweden",341.3
"2016","Mean income, SEK thousands","total","60-64 years","total","Sweden",349.7
"2017","Mean income, SEK thousands","total","60-64 years","total","Sweden",358.3
"2018","Mean income, SEK thousands","total","60-64 years","total","Sweden",367.5
"2019","Mean income, SEK thousands","total","60-64 years","total","Sweden",376.9
"2020","Mean income, SEK thousands","total","60-64 years","total","Sweden",384.5
"2021","Mean income, SEK thousands","total","60-64 years","total","Sweden",399.3
"2022","Mean income, SEK thousands","total","60-64 years","total","Sweden",416.4
"2023","Mean income, SEK thousands","total","60-64 years","total","Sweden",434.2
"1999","Median income, SEK thousands","total","60-64 years","total","Sweden",176
"2000","Median income, SEK thousands","total","60-64 years","total","Sweden",181.3
"2001","Median income, SEK thousands","total","60-64 years","total","Sweden",189.4
"2002","Median income, SEK thousands","total","60-64 years","total","Sweden",201.5
"2003","Median income, SEK thousands","total","60-64 years","total","Sweden",213.3
"2004","Median income, SEK thousands","total","60-64 years","total","Sweden",223.5
"2005","Median income, SEK thousands","total","60-64 years","total","Sweden",230.6
"2006","Median income, SEK thousands","total","60-64 years","total","Sweden",238.4
"2007","Median income, SEK thousands","total","60-64 years","total","Sweden",247.6
"2008","Median income, SEK thousands","total","60-64 years","total","Sweden",258.7
"2009","Median income, SEK thousands","total","60-64 years","total","Sweden",267.6
"2010","Median income, SEK thousands","total","60-64 years","total","Sweden",272.6
"2011","Median income, SEK thousands","total","60-64 years","total","Sweden",279.9
"2012","Median income, SEK thousands","total","60-64 years","total","Sweden",289.9
"2013","Median income, SEK thousands","total","60-64 years","total","Sweden",298.5
"2014","Median income, SEK thousands","total","60-64 years","total","Sweden",307
"2015","Median income, SEK thousands","total","60-64 years","total","Sweden",316.5
"2016","Median income, SEK thousands","total","60-64 years","total","Sweden",325.5
"2017","Median income, SEK thousands","total","60-64 years","total","Sweden",334.3
"2018","Median income, SEK thousands","total","60-64 years","total","Sweden",342.4
"2019","Median income, SEK thousands","total","60-64 years","total","Sweden",351.3
"2020","Median income, SEK thousands","total","60-64 years","total","Sweden",357.1
"2021","Median income, SEK thousands","total","60-64 years","total","Sweden",369.4
"2022","Median income, SEK thousands","total","60-64 years","total","Sweden",381.1
"2023","Median income, SEK thousands","total","60-64 years","total","Sweden",395.9
"1999","Mean income, SEK thousands","total","65-69 years","total","Sweden",159.1
"2000","Mean income, SEK thousands","total","65-69 years","total","Sweden",164.9
"2001","Mean income, SEK thousands","total","65-69 years","total","Sweden",172.4
"2002","Mean income, SEK thousands","total","65-69 years","total","Sweden",182.8
"2003","Mean income, SEK thousands","total","65-69 years","total","Sweden",195.8
"2004","Mean income, SEK thousands","total","65-69 years","total","Sweden",203.1
"2005","Mean income, SEK thousands","total","65-69 years","total","Sweden",209.8
"2006","Mean income, SEK thousands","total","65-69 years","total","Sweden",216.2
"2007","Mean income, SEK thousands","total","65-69 years","total","Sweden",229.4
"2008","Mean income, SEK thousands","total","65-69 years","total","Sweden",244.4
"2009","Mean income, SEK thousands","total","65-69 years","total","Sweden",256.9
"2010","Mean income, SEK thousands","total","65-69 years","total","Sweden",260.9
"2011","Mean income, SEK thousands","total","65-69 years","total","Sweden",264.9
"2012","Mean income, SEK thousands","total","65-69 years","total","Sweden",275.4
"2013","Mean income, SEK thousands","total","65-69 years","total","Sweden",285.9
"2014","Mean income, SEK thousands","total","65-69 years","total","Sweden",290.2
"2015","Mean income, SEK thousands","total","65-69 years","total","Sweden",300.7
"2016","Mean income, SEK thousands","total","65-69 years","total","Sweden",309.5
"2017","Mean income, SEK thousands","total","65-69 years","total","Sweden",318
"2018","Mean income, SEK thousands","total","65-69 years","total","Sweden",325.8
"2019","Mean income, SEK thousands","total","65-69 years","total","Sweden",333.1
"2020","Mean income, SEK thousands","total","65-69 years","total","Sweden",343
"2021","Mean income, SEK thousands","total","65-69 years","total","Sweden",357.6
"2022","Mean income, SEK thousands","total","65-69 years","total","Sweden",379.5
"2023","Mean income, SEK thousands","total","65-69 years","total","Sweden",395.8
"1999","Median income, SEK thousands","total","65-69 years","total","Sweden",141.6
"2000","Median income, SEK thousands","total","65-69 years","total","Sweden",145.2
"2001","Median income, SEK thousands","total","65-69 years","total","Sweden",150.3
"2002","Median income, SEK thousands","total","65-69 years","total","Sweden",158.4
"2003","Median income, SEK thousands","total","65-69 years","total","Sweden",167.5
"2004","Median income, SEK thousands","total","65-69 years","total","Sweden",172.9
"2005","Median income, SEK thousands","total","65-69 years","total","Sweden",177.6
"2006","Median income, SEK thousands","total","65-69 years","total","Sweden",182.8
"2007","Median income, SEK thousands","total","65-69 years","total","Sweden",191.3
"2008","Median income, SEK thousands","total","65-69 years","total","Sweden",202.8
"2009","Median income, SEK thousands","total","65-69 years","total","Sweden",213.3
"2010","Median income, SEK thousands","total","65-69 years","total","Sweden",215.5
"2011","Median income, SEK thousands","total","65-69 years","total","Sweden",217.3
"2012","Median income, SEK thousands","total","65-69 years","total","Sweden",226.6
"2013","Median income, SEK thousands","total","65-69 years","total","Sweden",237.3
"2014","Median income, SEK thousands","total","65-69 years","total","Sweden",240.3
"2015","Median income, SEK thousands","total","65-69 years","total","Sweden",250.4
"2016","Median income, SEK thousands","total","65-69 years","total","Sweden",261.1
"2017","Median income, SEK thousands","total","65-69 years","total","Sweden",270.9
"2018","Median income, SEK thousands","total","65-69 years","total","Sweden",278.7
"2019","Median income, SEK thousands","total","65-69 years","total","Sweden",286.6
"2020","Median income, SEK thousands","total","65-69 years","total","Sweden",294.8
"2021","Median income, SEK thousands","total","65-69 years","total","Sweden",307.7
"2022","Median income, SEK thousands","total","65-69 years","total","Sweden",330
"2023","Median income, SEK thousands","total","65-69 years","total","Sweden",342
"1999","Mean income, SEK thousands","total","70-74 years","total","Sweden",136.4
"2000","Mean income, SEK thousands","total","70-74 years","total","Sweden",138.3
"2001","Mean income, SEK thousands","total","70-74 years","total","Sweden",142.6
"2002","Mean income, SEK thousands","total","70-74 years","total","Sweden",149.4
"2003","Mean income, SEK thousands","total","70-74 years","total","Sweden",161.2
"2004","Mean income, SEK thousands","total","70-74 years","total","Sweden",166.3
"2005","Mean income, SEK thousands","total","70-74 years","total","Sweden",171.7
"2006","Mean income, SEK thousands","total","70-74 years","total","Sweden",177
"2007","Mean income, SEK thousands","total","70-74 years","total","Sweden",183.7
"2008","Mean income, SEK thousands","total","70-74 years","total","Sweden",193.9
"2009","Mean income, SEK thousands","total","70-74 years","total","Sweden",203.9
"2010","Mean income, SEK thousands","total","70-74 years","total","Sweden",202.7
"2011","Mean income, SEK thousands","total","70-74 years","total","Sweden",204.3
"2012","Mean income, SEK thousands","total","70-74 years","total","Sweden",215.1
"2013","Mean income, SEK thousands","total","70-74 years","total","Sweden",227.2
"2014","Mean income, SEK thousands","total","70-74 years","total","Sweden",230.5
"2015","Mean income, SEK thousands","total","70-74 years","total","Sweden",238.7
"2016","Mean income, SEK thousands","total","70-74 years","total","Sweden",248
"2017","Mean income, SEK thousands","total","70-74 years","total","Sweden",255.5
"2018","Mean income, SEK thousands","total","70-74 years","total","Sweden",261
"2019","Mean income, SEK thousands","total","70-74 years","total","Sweden",267.9
"2020","Mean income, SEK thousands","total","70-74 years","total","Sweden",275.5
"2021","Mean income, SEK thousands","total","70-74 years","total","Sweden",283.8
"2022","Mean income, SEK thousands","total","70-74 years","total","Sweden",303.3
"2023","Mean income, SEK thousands","total","70-74 years","total","Sweden",319.7
"1999","Median income, SEK thousands","total","70-74 years","total","Sweden",127.2
"2000","Median income, SEK thousands","total","70-74 years","total","Sweden",129.1
"2001","Median income, SEK thousands","total","70-74 years","total","Sweden",132.3
"2002","Median income, SEK thousands","total","70-74 years","total","Sweden",138
"2003","Median income, SEK thousands","total","70-74 years","total","Sweden",145.2
"2004","Median income, SEK thousands","total","70-74 years","total","Sweden",149.9
"2005","Median income, SEK thousands","total","70-74 years","total","Sweden",155
"2006","Median income, SEK thousands","total","70-74 years","total","Sweden",159.9
"2007","Median income, SEK thousands","total","70-74 years","total","Sweden",165
"2008","Median income, SEK thousands","total","70-74 years","total","Sweden",172.2
"2009","Median income, SEK thousands","total","70-74 years","total","Sweden",180.1
"2010","Median income, SEK thousands","total","70-74 years","total","Sweden",177.3
"2011","Median income, SEK thousands","total","70-74 years","total","Sweden",175.7
"2012","Median income, SEK thousands","total","70-74 years","total","Sweden",182.9
"2013","Median income, SEK thousands","total","70-74 years","total","Sweden",192.3
"2014","Median income, SEK thousands","total","70-74 years","total","Sweden",192.2
"2015","Median income, SEK thousands","total","70-74 years","total","Sweden",197.2
"2016","Median income, SEK thousands","total","70-74 years","total","Sweden",205.2
"2017","Median income, SEK thousands","total","70-74 years","total","Sweden",211.1
"2018","Median income, SEK thousands","total","70-74 years","total","Sweden",214.8
"2019","Median income, SEK thousands","total","70-74 years","total","Sweden",219.3
"2020","Median income, SEK thousands","total","70-74 years","total","Sweden",225.8
"2021","Median income, SEK thousands","total","70-74 years","total","Sweden",231.1
"2022","Median income, SEK thousands","total","70-74 years","total","Sweden",247.2
"2023","Median income, SEK thousands","total","70-74 years","total","Sweden",258.7
"1999","Mean income, SEK thousands","total","75-79 years","total","Sweden",123.6
"2000","Mean income, SEK thousands","total","75-79 years","total","Sweden",125.1
"2001","Mean income, SEK thousands","total","75-79 years","total","Sweden",128.4
"2002","Mean income, SEK thousands","total","75-79 years","total","Sweden",134.7
"2003","Mean income, SEK thousands","total","75-79 years","total","Sweden",147.3
"2004","Mean income, SEK thousands","total","75-79 years","total","Sweden",152
"2005","Mean income, SEK thousands","total","75-79 years","total","Sweden",155.8
"2006","Mean income, SEK thousands","total","75-79 years","total","Sweden",160
"2007","Mean income, SEK thousands","total","75-79 years","total","Sweden",164.9
"2008","Mean income, SEK thousands","total","75-79 years","total","Sweden",172.2
"2009","Mean income, SEK thousands","total","75-79 years","total","Sweden",181.6
"2010","Mean income, SEK thousands","total","75-79 years","total","Sweden",180.1
"2011","Mean income, SEK thousands","total","75-79 years","total","Sweden",181
"2012","Mean income, SEK thousands","total","75-79 years","total","Sweden",189.4
"2013","Mean income, SEK thousands","total","75-79 years","total","Sweden",198.1
"2014","Mean income, SEK thousands","total","75-79 years","total","Sweden",197.8
"2015","Mean income, SEK thousands","total","75-79 years","total","Sweden",202.8
"2016","Mean income, SEK thousands","total","75-79 years","total","Sweden",212.3
"2017","Mean income, SEK thousands","total","75-79 years","total","Sweden",221.5
"2018","Mean income, SEK thousands","total","75-79 years","total","Sweden",229.4
"2019","Mean income, SEK thousands","total","75-79 years","total","Sweden",237.3
"2020","Mean income, SEK thousands","total","75-79 years","total","Sweden",246.3
"2021","Mean income, SEK thousands","total","75-79 years","total","Sweden",252.4
"2022","Mean income, SEK thousands","total","75-79 years","total","Sweden",266.8
"2023","Mean income, SEK thousands","total","75-79 years","total","Sweden",281.1
"1999","Median income, SEK thousands","total","75-79 years","total","Sweden",116.4
"2000","Median income, SEK thousands","total","75-79 years","total","Sweden",118.8
"2001","Median income, SEK thousands","total","75-79 years","total","Sweden",122.1
"2002","Median income, SEK thousands","total","75-79 years","total","Sweden",128.4
"2003","Median income, SEK thousands","total","75-79 years","total","Sweden",135.4
"2004","Median income, SEK thousands","total","75-79 years","total","Sweden",140.2
"2005","Median income, SEK thousands","total","75-79 years","total","Sweden",144.6
"2006","Median income, SEK thousands","total","75-79 years","total","Sweden",148.8
"2007","Median income, SEK thousands","total","75-79 years","total","Sweden",153.2
"2008","Median income, SEK thousands","total","75-79 years","total","Sweden",160
"2009","Median income, SEK thousands","total","75-79 years","total","Sweden",168.8
"2010","Median income, SEK thousands","total","75-79 years","total","Sweden",166.5
"2011","Median income, SEK thousands","total","75-79 years","total","Sweden",165.8
"2012","Median income, SEK thousands","total","75-79 years","total","Sweden",173.3
"2013","Median income, SEK thousands","total","75-79 years","total","Sweden",181.2
"2014","Median income, SEK thousands","total","75-79 years","total","Sweden",178.9
"2015","Median income, SEK thousands","total","75-79 years","total","Sweden",181.7
"2016","Median income, SEK thousands","total","75-79 years","total","Sweden",189
"2017","Median income, SEK thousands","total","75-79 years","total","Sweden",195.6
"2018","Median income, SEK thousands","total","75-79 years","total","Sweden",200.1
"2019","Median income, SEK thousands","total","75-79 years","total","Sweden",204.9
"2020","Median income, SEK thousands","total","75-79 years","total","Sweden",211.2
"2021","Median income, SEK thousands","total","75-79 years","total","Sweden",215.4
"2022","Median income, SEK thousands","total","75-79 years","total","Sweden",227.2
"2023","Median income, SEK thousands","total","75-79 years","total","Sweden",236.6
"1999","Mean income, SEK thousands","total","80-84 years","total","Sweden",115.8
"2000","Mean income, SEK thousands","total","80-84 years","total","Sweden",118
"2001","Mean income, SEK thousands","total","80-84 years","total","Sweden",121.6
"2002","Mean income, SEK thousands","total","80-84 years","total","Sweden",126.8
"2003","Mean income, SEK thousands","total","80-84 years","total","Sweden",139.6
"2004","Mean income, SEK thousands","total","80-84 years","total","Sweden",143.5
"2005","Mean income, SEK thousands","total","80-84 years","total","Sweden",147.2
"2006","Mean income, SEK thousands","total","80-84 years","total","Sweden",150.9
"2007","Mean income, SEK thousands","total","80-84 years","total","Sweden",155.8
"2008","Mean income, SEK thousands","total","80-84 years","total","Sweden",162.4
"2009","Mean income, SEK thousands","total","80-84 years","total","Sweden",171.9
"2010","Mean income, SEK thousands","total","80-84 years","total","Sweden",169.9
"2011","Mean income, SEK thousands","total","80-84 years","total","Sweden",169.9
"2012","Mean income, SEK thousands","total","80-84 years","total","Sweden",177.3
"2013","Mean income, SEK thousands","total","80-84 years","total","Sweden",184.4
"2014","Mean income, SEK thousands","total","80-84 years","total","Sweden",183
"2015","Mean income, SEK thousands","total","80-84 years","total","Sweden",188
"2016","Mean income, SEK thousands","total","80-84 years","total","Sweden",196.2
"2017","Mean income, SEK thousands","total","80-84 years","total","Sweden",204
"2018","Mean income, SEK thousands","total","80-84 years","total","Sweden",209.6
"2019","Mean income, SEK thousands","total","80-84 years","total","Sweden",216
"2020","Mean income, SEK thousands","total","80-84 years","total","Sweden",224.3
"2021","Mean income, SEK thousands","total","80-84 years","total","Sweden",230.8
"2022","Mean income, SEK thousands","total","80-84 years","total","Sweden",246.2
"2023","Mean income, SEK thousands","total","80-84 years","total","Sweden",264.2
"1999","Median income, SEK thousands","total","80-84 years","total","Sweden",105.2
"2000","Median income, SEK thousands","total","80-84 years","total","Sweden",109.3
"2001","Median income, SEK thousands","total","80-84 years","total","Sweden",113.3
"2002","Median income, SEK thousands","total","80-84 years","total","Sweden",119
"2003","Median income, SEK thousands","total","80-84 years","total","Sweden",125.7
"2004","Median income, SEK thousands","total","80-84 years","total","Sweden",130
"2005","Median income, SEK thousands","total","80-84 years","total","Sweden",134.8
"2006","Median income, SEK thousands","total","80-84 years","total","Sweden",139.2
"2007","Median income, SEK thousands","total","80-84 years","total","Sweden",144.3
"2008","Median income, SEK thousands","total","80-84 years","total","Sweden",151
"2009","Median income, SEK thousands","total","80-84 years","total","Sweden",160.4
"2010","Median income, SEK thousands","total","80-84 years","total","Sweden",158.4
"2011","Median income, SEK thousands","total","80-84 years","total","Sweden",157.9
"2012","Median income, SEK thousands","total","80-84 years","total","Sweden",164.9
"2013","Median income, SEK thousands","total","80-84 years","total","Sweden",172.7
"2014","Median income, SEK thousands","total","80-84 years","total","Sweden",170.7
"2015","Median income, SEK thousands","total","80-84 years","total","Sweden",174.8
"2016","Median income, SEK thousands","total","80-84 years","total","Sweden",183.2
"2017","Median income, SEK thousands","total","80-84 years","total","Sweden",190.3
"2018","Median income, SEK thousands","total","80-84 years","total","Sweden",194
"2019","Median income, SEK thousands","total","80-84 years","total","Sweden",198.6
"2020","Median income, SEK thousands","total","80-84 years","total","Sweden",204.1
"2021","Median income, SEK thousands","total","80-84 years","total","Sweden",208.3
"2022","Median income, SEK thousands","total","80-84 years","total","Sweden",221.4
"2023","Median income, SEK thousands","total","80-84 years","total","Sweden",233.3
"1999","Mean income, SEK thousands","total","85+ years","total","Sweden",94
"2000","Mean income, SEK thousands","total","85+ years","total","Sweden",97.2
"2001","Mean income, SEK thousands","total","85+ years","total","Sweden",101.8
"2002","Mean income, SEK thousands","total","85+ years","total","Sweden",108.4
"2003","Mean income, SEK thousands","total","85+ years","total","Sweden",126.6
"2004","Mean income, SEK thousands","total","85+ years","total","Sweden",131.8
"2005","Mean income, SEK thousands","total","85+ years","total","Sweden",136.1
"2006","Mean income, SEK thousands","total","85+ years","total","Sweden",140.1
"2007","Mean income, SEK thousands","total","85+ years","total","Sweden",144.7
"2008","Mean income, SEK thousands","total","85+ years","total","Sweden",150.9
"2009","Mean income, SEK thousands","total","85+ years","total","Sweden",160.1
"2010","Mean income, SEK thousands","total","85+ years","total","Sweden",159.1
"2011","Mean income, SEK thousands","total","85+ years","total","Sweden",159.5
"2012","Mean income, SEK thousands","total","85+ years","total","Sweden",166.9
"2013","Mean income, SEK thousands","total","85+ years","total","Sweden",173.7
"2014","Mean income, SEK thousands","total","85+ years","total","Sweden",173.7
"2015","Mean income, SEK thousands","total","85+ years","total","Sweden",177.2
"2016","Mean income, SEK thousands","total","85+ years","total","Sweden",183.7
"2017","Mean income, SEK thousands","total","85+ years","total","Sweden",190.2
"2018","Mean income, SEK thousands","total","85+ years","total","Sweden",195.1
"2019","Mean income, SEK thousands","total","85+ years","total","Sweden",200.8
"2020","Mean income, SEK thousands","total","85+ years","total","Sweden",208.9
"2021","Mean income, SEK thousands","total","85+ years","total","Sweden",214.4
"2022","Mean income, SEK thousands","total","85+ years","total","Sweden",227.5
"2023","Mean income, SEK thousands","total","85+ years","total","Sweden",244
"1999","Median income, SEK thousands","total","85+ years","total","Sweden",73.6
"2000","Median income, SEK thousands","total","85+ years","total","Sweden",77.7
"2001","Median income, SEK thousands","total","85+ years","total","Sweden",83
"2002","Median income, SEK thousands","total","85+ years","total","Sweden",90.6
"2003","Median income, SEK thousands","total","85+ years","total","Sweden",108
"2004","Median income, SEK thousands","total","85+ years","total","Sweden",113.2
"2005","Median income, SEK thousands","total","85+ years","total","Sweden",118
"2006","Median income, SEK thousands","total","85+ years","total","Sweden",122.4
"2007","Median income, SEK thousands","total","85+ years","total","Sweden",126.7
"2008","Median income, SEK thousands","total","85+ years","total","Sweden",133.3
"2009","Median income, SEK thousands","total","85+ years","total","Sweden",142.7
"2010","Median income, SEK thousands","total","85+ years","total","Sweden",142.8
"2011","Median income, SEK thousands","total","85+ years","total","Sweden",143.6
"2012","Median income, SEK thousands","total","85+ years","total","Sweden",151.5
"2013","Median income, SEK thousands","total","85+ years","total","Sweden",159.1
"2014","Median income, SEK thousands","total","85+ years","total","Sweden",158.9
"2015","Median income, SEK thousands","total","85+ years","total","Sweden",162.8
"2016","Median income, SEK thousands","total","85+ years","total","Sweden",170.2
"2017","Median income, SEK thousands","total","85+ years","total","Sweden",176.9
"2018","Median income, SEK thousands","total","85+ years","total","Sweden",181.9
"2019","Median income, SEK thousands","total","85+ years","total","Sweden",187.1
"2020","Median income, SEK thousands","total","85+ years","total","Sweden",194.6
"2021","Median income, SEK thousands","total","85+ years","total","Sweden",200.1
"2022","Median income, SEK thousands","total","85+ years","total","Sweden",212.9
"2023","Median income, SEK thousands","total","85+ years","total","Sweden",225
